dataset;lang;path;actor_id;gender;emotion;statement_id;augmentation
ecarini;ita;../StarGANv2-EmotionalVC/dataset/ita/ECARINI/anger_ecarini_01_M_Il_colombre_par02.wav;1;m;anger;2;
ecarini;ita;../StarGANv2-EmotionalVC/dataset/ita/ECARINI/anger_ecarini_01_M_Il_colombre_par03.wav;1;m;anger;3;
ecarini;ita;../StarGANv2-EmotionalVC/dataset/ita/ECARINI/anger_ecarini_01_M_Il_colombre_par04.wav;1;m;anger;4;
ecarini;ita;../StarGANv2-EmotionalVC/dataset/ita/ECARINI/anger_ecarini_01_M_Il_colombre_par05.wav;1;m;anger;5;
ecarini;ita;../StarGANv2-EmotionalVC/dataset/ita/ECARINI/anger_ecarini_01_M_Il_colombre_par06.wav;1;m;anger;6;
ecarini;ita;../StarGANv2-EmotionalVC/dataset/ita/ECARINI/anger_ecarini_01_M_Il_colombre_par07.wav;1;m;anger;7;
ecarini;ita;../StarGANv2-EmotionalVC/dataset/ita/ECARINI/anger_ecarini_01_M_Il_colombre_par08.wav;1;m;anger;8;
ecarini;ita;../StarGANv2-EmotionalVC/dataset/ita/ECARINI/anger_ecarini_01_M_Il_colombre_par09.wav;1;m;anger;9;
ecarini;ita;../StarGANv2-EmotionalVC/dataset/ita/ECARINI/anger_ecarini_01_M_Il_colombre_par10.wav;1;m;anger;10;
ecarini;ita;../StarGANv2-EmotionalVC/dataset/ita/ECARINI/anger_ecarini_01_M_Il_colombre_par11.wav;1;m;anger;11;
ecarini;ita;../StarGANv2-EmotionalVC/dataset/ita/ECARINI/anger_ecarini_01_M_Il_colombre_par12.wav;1;m;anger;12;
ecarini;ita;../StarGANv2-EmotionalVC/dataset/ita/ECARINI/anger_ecarini_01_M_Il_colombre_par13.wav;1;m;anger;13;
ecarini;ita;../StarGANv2-EmotionalVC/dataset/ita/ECARINI/anger_ecarini_01_M_Il_colombre_par14.wav;1;m;anger;14;
ecarini;ita;../StarGANv2-EmotionalVC/dataset/ita/ECARINI/anger_ecarini_01_M_Il_colombre_par15.wav;1;m;anger;15;
ecarini;ita;../StarGANv2-EmotionalVC/dataset/ita/ECARINI/anger_ecarini_01_M_Il_colombre_par16.wav;1;m;anger;16;
ecarini;ita;../StarGANv2-EmotionalVC/dataset/ita/ECARINI/anger_ecarini_01_M_Il_colombre_par17.wav;1;m;anger;17;
ecarini;ita;../StarGANv2-EmotionalVC/dataset/ita/ECARINI/anger_ecarini_01_M_Il_colombre_par18.wav;1;m;anger;18;
ecarini;ita;../StarGANv2-EmotionalVC/dataset/ita/ECARINI/anger_ecarini_01_M_Il_colombre_par19.wav;1;m;anger;19;
ecarini;ita;../StarGANv2-EmotionalVC/dataset/ita/ECARINI/anger_ecarini_01_M_Il_colombre_par20.wav;1;m;anger;20;
ecarini;ita;../StarGANv2-EmotionalVC/dataset/ita/ECARINI/anger_ecarini_01_M_Il_colombre_par21.wav;1;m;anger;21;
ecarini;ita;../StarGANv2-EmotionalVC/dataset/ita/ECARINI/anger_ecarini_01_M_Il_colombre_par22.wav;1;m;anger;22;
ecarini;ita;../StarGANv2-EmotionalVC/dataset/ita/ECARINI/anger_ecarini_01_M_Il_colombre_par23.wav;1;m;anger;23;
ecarini;ita;../StarGANv2-EmotionalVC/dataset/ita/ECARINI/anger_ecarini_01_M_Il_colombre_par24.wav;1;m;anger;24;
ecarini;ita;../StarGANv2-EmotionalVC/dataset/ita/ECARINI/anger_ecarini_01_M_Il_colombre_par25.wav;1;m;anger;25;
ecarini;ita;../StarGANv2-EmotionalVC/dataset/ita/ECARINI/anger_ecarini_01_M_Il_colombre_par26.wav;1;m;anger;26;
ecarini;ita;../StarGANv2-EmotionalVC/dataset/ita/ECARINI/anger_ecarini_01_M_Il_colombre_par27.wav;1;m;anger;27;
ecarini;ita;../StarGANv2-EmotionalVC/dataset/ita/ECARINI/anger_ecarini_01_M_Il_colombre_par28.wav;1;m;anger;28;
ecarini;ita;../StarGANv2-EmotionalVC/dataset/ita/ECARINI/anger_ecarini_01_M_Il_colombre_par29.wav;1;m;anger;29;
ecarini;ita;../StarGANv2-EmotionalVC/dataset/ita/ECARINI/anger_ecarini_01_M_Il_colombre_par30.wav;1;m;anger;30;
ecarini;ita;../StarGANv2-EmotionalVC/dataset/ita/ECARINI/anger_ecarini_01_M_Il_colombre_par31.wav;1;m;anger;31;
ecarini;ita;../StarGANv2-EmotionalVC/dataset/ita/ECARINI/anger_ecarini_01_M_Il_colombre_par32.wav;1;m;anger;32;
ecarini;ita;../StarGANv2-EmotionalVC/dataset/ita/ECARINI/anger_ecarini_01_M_Il_colombre_par33.wav;1;m;anger;33;
ecarini;ita;../StarGANv2-EmotionalVC/dataset/ita/ECARINI/anger_ecarini_01_M_Il_colombre_par34.wav;1;m;anger;34;
ecarini;ita;../StarGANv2-EmotionalVC/dataset/ita/ECARINI/anger_ecarini_01_M_Il_colombre_par35.wav;1;m;anger;35;
ecarini;ita;../StarGANv2-EmotionalVC/dataset/ita/ECARINI/anger_ecarini_01_M_Il_colombre_par36.wav;1;m;anger;36;
ecarini;ita;../StarGANv2-EmotionalVC/dataset/ita/ECARINI/anger_ecarini_01_M_Il_colombre_par37.wav;1;m;anger;37;
ecarini;ita;../StarGANv2-EmotionalVC/dataset/ita/ECARINI/anger_ecarini_01_M_Il_colombre_par38.wav;1;m;anger;38;
ecarini;ita;../StarGANv2-EmotionalVC/dataset/ita/ECARINI/anger_ecarini_01_M_Il_colombre_par39.wav;1;m;anger;39;
ecarini;ita;../StarGANv2-EmotionalVC/dataset/ita/ECARINI/anger_ecarini_01_M_Il_colombre_par40.wav;1;m;anger;40;
ecarini;ita;../StarGANv2-EmotionalVC/dataset/ita/ECARINI/anger_ecarini_01_M_Il_colombre_par41.wav;1;m;anger;41;
ecarini;ita;../StarGANv2-EmotionalVC/dataset/ita/ECARINI/anger_ecarini_01_M_Il_colombre_par42.wav;1;m;anger;42;
ecarini;ita;../StarGANv2-EmotionalVC/dataset/ita/ECARINI/anger_ecarini_01_M_Il_colombre_par43.wav;1;m;anger;43;
ecarini;ita;../StarGANv2-EmotionalVC/dataset/ita/ECARINI/anger_ecarini_01_M_Il_colombre_par44.wav;1;m;anger;44;
ecarini;ita;../StarGANv2-EmotionalVC/dataset/ita/ECARINI/anger_ecarini_01_M_Il_colombre_par45.wav;1;m;anger;45;
ecarini;ita;../StarGANv2-EmotionalVC/dataset/ita/ECARINI/anger_ecarini_01_M_Il_colombre_par46.wav;1;m;anger;46;
ecarini;ita;../StarGANv2-EmotionalVC/dataset/ita/ECARINI/anger_ecarini_01_M_Il_colombre_par47.wav;1;m;anger;47;
ecarini;ita;../StarGANv2-EmotionalVC/dataset/ita/ECARINI/happy_ecarini_01_M_Il_colombre_par02.wav;1;m;happy;2;
ecarini;ita;../StarGANv2-EmotionalVC/dataset/ita/ECARINI/happy_ecarini_01_M_Il_colombre_par03.wav;1;m;happy;3;
ecarini;ita;../StarGANv2-EmotionalVC/dataset/ita/ECARINI/happy_ecarini_01_M_Il_colombre_par04.wav;1;m;happy;4;
ecarini;ita;../StarGANv2-EmotionalVC/dataset/ita/ECARINI/happy_ecarini_01_M_Il_colombre_par05.wav;1;m;happy;5;
ecarini;ita;../StarGANv2-EmotionalVC/dataset/ita/ECARINI/happy_ecarini_01_M_Il_colombre_par06.wav;1;m;happy;6;
ecarini;ita;../StarGANv2-EmotionalVC/dataset/ita/ECARINI/happy_ecarini_01_M_Il_colombre_par07.wav;1;m;happy;7;
ecarini;ita;../StarGANv2-EmotionalVC/dataset/ita/ECARINI/happy_ecarini_01_M_Il_colombre_par08.wav;1;m;happy;8;
ecarini;ita;../StarGANv2-EmotionalVC/dataset/ita/ECARINI/happy_ecarini_01_M_Il_colombre_par09.wav;1;m;happy;9;
ecarini;ita;../StarGANv2-EmotionalVC/dataset/ita/ECARINI/happy_ecarini_01_M_Il_colombre_par10.wav;1;m;happy;10;
ecarini;ita;../StarGANv2-EmotionalVC/dataset/ita/ECARINI/happy_ecarini_01_M_Il_colombre_par11.wav;1;m;happy;11;
ecarini;ita;../StarGANv2-EmotionalVC/dataset/ita/ECARINI/happy_ecarini_01_M_Il_colombre_par12.wav;1;m;happy;12;
ecarini;ita;../StarGANv2-EmotionalVC/dataset/ita/ECARINI/happy_ecarini_01_M_Il_colombre_par13.wav;1;m;happy;13;
ecarini;ita;../StarGANv2-EmotionalVC/dataset/ita/ECARINI/happy_ecarini_01_M_Il_colombre_par14.wav;1;m;happy;14;
ecarini;ita;../StarGANv2-EmotionalVC/dataset/ita/ECARINI/happy_ecarini_01_M_Il_colombre_par15.wav;1;m;happy;15;
ecarini;ita;../StarGANv2-EmotionalVC/dataset/ita/ECARINI/happy_ecarini_01_M_Il_colombre_par16.wav;1;m;happy;16;
ecarini;ita;../StarGANv2-EmotionalVC/dataset/ita/ECARINI/happy_ecarini_01_M_Il_colombre_par17.wav;1;m;happy;17;
ecarini;ita;../StarGANv2-EmotionalVC/dataset/ita/ECARINI/happy_ecarini_01_M_Il_colombre_par18.wav;1;m;happy;18;
ecarini;ita;../StarGANv2-EmotionalVC/dataset/ita/ECARINI/happy_ecarini_01_M_Il_colombre_par19.wav;1;m;happy;19;
ecarini;ita;../StarGANv2-EmotionalVC/dataset/ita/ECARINI/happy_ecarini_01_M_Il_colombre_par20.wav;1;m;happy;20;
ecarini;ita;../StarGANv2-EmotionalVC/dataset/ita/ECARINI/happy_ecarini_01_M_Il_colombre_par21.wav;1;m;happy;21;
ecarini;ita;../StarGANv2-EmotionalVC/dataset/ita/ECARINI/happy_ecarini_01_M_Il_colombre_par22.wav;1;m;happy;22;
ecarini;ita;../StarGANv2-EmotionalVC/dataset/ita/ECARINI/happy_ecarini_01_M_Il_colombre_par23.wav;1;m;happy;23;
ecarini;ita;../StarGANv2-EmotionalVC/dataset/ita/ECARINI/happy_ecarini_01_M_Il_colombre_par24.wav;1;m;happy;24;
ecarini;ita;../StarGANv2-EmotionalVC/dataset/ita/ECARINI/happy_ecarini_01_M_Il_colombre_par25.wav;1;m;happy;25;
ecarini;ita;../StarGANv2-EmotionalVC/dataset/ita/ECARINI/happy_ecarini_01_M_Il_colombre_par26.wav;1;m;happy;26;
ecarini;ita;../StarGANv2-EmotionalVC/dataset/ita/ECARINI/happy_ecarini_01_M_Il_colombre_par27.wav;1;m;happy;27;
ecarini;ita;../StarGANv2-EmotionalVC/dataset/ita/ECARINI/happy_ecarini_01_M_Il_colombre_par28.wav;1;m;happy;28;
ecarini;ita;../StarGANv2-EmotionalVC/dataset/ita/ECARINI/happy_ecarini_01_M_Il_colombre_par29.wav;1;m;happy;29;
ecarini;ita;../StarGANv2-EmotionalVC/dataset/ita/ECARINI/happy_ecarini_01_M_Il_colombre_par30.wav;1;m;happy;30;
ecarini;ita;../StarGANv2-EmotionalVC/dataset/ita/ECARINI/happy_ecarini_01_M_Il_colombre_par31.wav;1;m;happy;31;
ecarini;ita;../StarGANv2-EmotionalVC/dataset/ita/ECARINI/happy_ecarini_01_M_Il_colombre_par32.wav;1;m;happy;32;
ecarini;ita;../StarGANv2-EmotionalVC/dataset/ita/ECARINI/happy_ecarini_01_M_Il_colombre_par33.wav;1;m;happy;33;
ecarini;ita;../StarGANv2-EmotionalVC/dataset/ita/ECARINI/happy_ecarini_01_M_Il_colombre_par34.wav;1;m;happy;34;
ecarini;ita;../StarGANv2-EmotionalVC/dataset/ita/ECARINI/happy_ecarini_01_M_Il_colombre_par35.wav;1;m;happy;35;
ecarini;ita;../StarGANv2-EmotionalVC/dataset/ita/ECARINI/happy_ecarini_01_M_Il_colombre_par36.wav;1;m;happy;36;
ecarini;ita;../StarGANv2-EmotionalVC/dataset/ita/ECARINI/happy_ecarini_01_M_Il_colombre_par37.wav;1;m;happy;37;
ecarini;ita;../StarGANv2-EmotionalVC/dataset/ita/ECARINI/happy_ecarini_01_M_Il_colombre_par38.wav;1;m;happy;38;
ecarini;ita;../StarGANv2-EmotionalVC/dataset/ita/ECARINI/happy_ecarini_01_M_Il_colombre_par39.wav;1;m;happy;39;
ecarini;ita;../StarGANv2-EmotionalVC/dataset/ita/ECARINI/happy_ecarini_01_M_Il_colombre_par40.wav;1;m;happy;40;
ecarini;ita;../StarGANv2-EmotionalVC/dataset/ita/ECARINI/happy_ecarini_01_M_Il_colombre_par41.wav;1;m;happy;41;
ecarini;ita;../StarGANv2-EmotionalVC/dataset/ita/ECARINI/happy_ecarini_01_M_Il_colombre_par42.wav;1;m;happy;42;
ecarini;ita;../StarGANv2-EmotionalVC/dataset/ita/ECARINI/happy_ecarini_01_M_Il_colombre_par43.wav;1;m;happy;43;
ecarini;ita;../StarGANv2-EmotionalVC/dataset/ita/ECARINI/happy_ecarini_01_M_Il_colombre_par44.wav;1;m;happy;44;
ecarini;ita;../StarGANv2-EmotionalVC/dataset/ita/ECARINI/happy_ecarini_01_M_Il_colombre_par45.wav;1;m;happy;45;
ecarini;ita;../StarGANv2-EmotionalVC/dataset/ita/ECARINI/happy_ecarini_01_M_Il_colombre_par46.wav;1;m;happy;46;
ecarini;ita;../StarGANv2-EmotionalVC/dataset/ita/ECARINI/happy_ecarini_01_M_Il_colombre_par47.wav;1;m;happy;47;
ecarini;ita;../StarGANv2-EmotionalVC/dataset/ita/ECARINI/neutral_ecarini_01_M_Il_colombre_par02.wav;1;m;neutral;2;
ecarini;ita;../StarGANv2-EmotionalVC/dataset/ita/ECARINI/neutral_ecarini_01_M_Il_colombre_par03.wav;1;m;neutral;3;
ecarini;ita;../StarGANv2-EmotionalVC/dataset/ita/ECARINI/neutral_ecarini_01_M_Il_colombre_par04.wav;1;m;neutral;4;
ecarini;ita;../StarGANv2-EmotionalVC/dataset/ita/ECARINI/neutral_ecarini_01_M_Il_colombre_par05.wav;1;m;neutral;5;
ecarini;ita;../StarGANv2-EmotionalVC/dataset/ita/ECARINI/neutral_ecarini_01_M_Il_colombre_par06.wav;1;m;neutral;6;
ecarini;ita;../StarGANv2-EmotionalVC/dataset/ita/ECARINI/neutral_ecarini_01_M_Il_colombre_par07.wav;1;m;neutral;7;
ecarini;ita;../StarGANv2-EmotionalVC/dataset/ita/ECARINI/neutral_ecarini_01_M_Il_colombre_par08.wav;1;m;neutral;8;
ecarini;ita;../StarGANv2-EmotionalVC/dataset/ita/ECARINI/neutral_ecarini_01_M_Il_colombre_par09.wav;1;m;neutral;9;
ecarini;ita;../StarGANv2-EmotionalVC/dataset/ita/ECARINI/neutral_ecarini_01_M_Il_colombre_par10.wav;1;m;neutral;10;
ecarini;ita;../StarGANv2-EmotionalVC/dataset/ita/ECARINI/neutral_ecarini_01_M_Il_colombre_par11.wav;1;m;neutral;11;
ecarini;ita;../StarGANv2-EmotionalVC/dataset/ita/ECARINI/neutral_ecarini_01_M_Il_colombre_par12.wav;1;m;neutral;12;
ecarini;ita;../StarGANv2-EmotionalVC/dataset/ita/ECARINI/neutral_ecarini_01_M_Il_colombre_par13.wav;1;m;neutral;13;
ecarini;ita;../StarGANv2-EmotionalVC/dataset/ita/ECARINI/neutral_ecarini_01_M_Il_colombre_par14.wav;1;m;neutral;14;
ecarini;ita;../StarGANv2-EmotionalVC/dataset/ita/ECARINI/neutral_ecarini_01_M_Il_colombre_par15.wav;1;m;neutral;15;
ecarini;ita;../StarGANv2-EmotionalVC/dataset/ita/ECARINI/neutral_ecarini_01_M_Il_colombre_par16.wav;1;m;neutral;16;
ecarini;ita;../StarGANv2-EmotionalVC/dataset/ita/ECARINI/neutral_ecarini_01_M_Il_colombre_par17.wav;1;m;neutral;17;
ecarini;ita;../StarGANv2-EmotionalVC/dataset/ita/ECARINI/neutral_ecarini_01_M_Il_colombre_par18.wav;1;m;neutral;18;
ecarini;ita;../StarGANv2-EmotionalVC/dataset/ita/ECARINI/neutral_ecarini_01_M_Il_colombre_par19.wav;1;m;neutral;19;
ecarini;ita;../StarGANv2-EmotionalVC/dataset/ita/ECARINI/neutral_ecarini_01_M_Il_colombre_par20.wav;1;m;neutral;20;
ecarini;ita;../StarGANv2-EmotionalVC/dataset/ita/ECARINI/neutral_ecarini_01_M_Il_colombre_par21.wav;1;m;neutral;21;
ecarini;ita;../StarGANv2-EmotionalVC/dataset/ita/ECARINI/neutral_ecarini_01_M_Il_colombre_par22.wav;1;m;neutral;22;
ecarini;ita;../StarGANv2-EmotionalVC/dataset/ita/ECARINI/neutral_ecarini_01_M_Il_colombre_par23.wav;1;m;neutral;23;
ecarini;ita;../StarGANv2-EmotionalVC/dataset/ita/ECARINI/neutral_ecarini_01_M_Il_colombre_par24.wav;1;m;neutral;24;
ecarini;ita;../StarGANv2-EmotionalVC/dataset/ita/ECARINI/neutral_ecarini_01_M_Il_colombre_par25.wav;1;m;neutral;25;
ecarini;ita;../StarGANv2-EmotionalVC/dataset/ita/ECARINI/neutral_ecarini_01_M_Il_colombre_par26.wav;1;m;neutral;26;
ecarini;ita;../StarGANv2-EmotionalVC/dataset/ita/ECARINI/neutral_ecarini_01_M_Il_colombre_par27.wav;1;m;neutral;27;
ecarini;ita;../StarGANv2-EmotionalVC/dataset/ita/ECARINI/neutral_ecarini_01_M_Il_colombre_par28.wav;1;m;neutral;28;
ecarini;ita;../StarGANv2-EmotionalVC/dataset/ita/ECARINI/neutral_ecarini_01_M_Il_colombre_par29.wav;1;m;neutral;29;
ecarini;ita;../StarGANv2-EmotionalVC/dataset/ita/ECARINI/neutral_ecarini_01_M_Il_colombre_par30.wav;1;m;neutral;30;
ecarini;ita;../StarGANv2-EmotionalVC/dataset/ita/ECARINI/neutral_ecarini_01_M_Il_colombre_par31.wav;1;m;neutral;31;
ecarini;ita;../StarGANv2-EmotionalVC/dataset/ita/ECARINI/neutral_ecarini_01_M_Il_colombre_par32.wav;1;m;neutral;32;
ecarini;ita;../StarGANv2-EmotionalVC/dataset/ita/ECARINI/neutral_ecarini_01_M_Il_colombre_par33.wav;1;m;neutral;33;
ecarini;ita;../StarGANv2-EmotionalVC/dataset/ita/ECARINI/neutral_ecarini_01_M_Il_colombre_par34.wav;1;m;neutral;34;
ecarini;ita;../StarGANv2-EmotionalVC/dataset/ita/ECARINI/neutral_ecarini_01_M_Il_colombre_par35.wav;1;m;neutral;35;
ecarini;ita;../StarGANv2-EmotionalVC/dataset/ita/ECARINI/neutral_ecarini_01_M_Il_colombre_par36.wav;1;m;neutral;36;
ecarini;ita;../StarGANv2-EmotionalVC/dataset/ita/ECARINI/neutral_ecarini_01_M_Il_colombre_par37.wav;1;m;neutral;37;
ecarini;ita;../StarGANv2-EmotionalVC/dataset/ita/ECARINI/neutral_ecarini_01_M_Il_colombre_par38.wav;1;m;neutral;38;
ecarini;ita;../StarGANv2-EmotionalVC/dataset/ita/ECARINI/neutral_ecarini_01_M_Il_colombre_par39.wav;1;m;neutral;39;
ecarini;ita;../StarGANv2-EmotionalVC/dataset/ita/ECARINI/neutral_ecarini_01_M_Il_colombre_par40.wav;1;m;neutral;40;
ecarini;ita;../StarGANv2-EmotionalVC/dataset/ita/ECARINI/neutral_ecarini_01_M_Il_colombre_par41.wav;1;m;neutral;41;
ecarini;ita;../StarGANv2-EmotionalVC/dataset/ita/ECARINI/neutral_ecarini_01_M_Il_colombre_par42.wav;1;m;neutral;42;
ecarini;ita;../StarGANv2-EmotionalVC/dataset/ita/ECARINI/neutral_ecarini_01_M_Il_colombre_par43.wav;1;m;neutral;43;
ecarini;ita;../StarGANv2-EmotionalVC/dataset/ita/ECARINI/neutral_ecarini_01_M_Il_colombre_par44.wav;1;m;neutral;44;
ecarini;ita;../StarGANv2-EmotionalVC/dataset/ita/ECARINI/neutral_ecarini_01_M_Il_colombre_par45.wav;1;m;neutral;45;
ecarini;ita;../StarGANv2-EmotionalVC/dataset/ita/ECARINI/neutral_ecarini_01_M_Il_colombre_par46.wav;1;m;neutral;46;
ecarini;ita;../StarGANv2-EmotionalVC/dataset/ita/ECARINI/neutral_ecarini_01_M_Il_colombre_par47.wav;1;m;neutral;47;
ecarini;ita;../StarGANv2-EmotionalVC/dataset/ita/ECARINI/sad_ecarini_01_M_Il_colombre_par02.wav;1;m;sad;2;
ecarini;ita;../StarGANv2-EmotionalVC/dataset/ita/ECARINI/sad_ecarini_01_M_Il_colombre_par03.wav;1;m;sad;3;
ecarini;ita;../StarGANv2-EmotionalVC/dataset/ita/ECARINI/sad_ecarini_01_M_Il_colombre_par04.wav;1;m;sad;4;
ecarini;ita;../StarGANv2-EmotionalVC/dataset/ita/ECARINI/sad_ecarini_01_M_Il_colombre_par05.wav;1;m;sad;5;
ecarini;ita;../StarGANv2-EmotionalVC/dataset/ita/ECARINI/sad_ecarini_01_M_Il_colombre_par06.wav;1;m;sad;6;
ecarini;ita;../StarGANv2-EmotionalVC/dataset/ita/ECARINI/sad_ecarini_01_M_Il_colombre_par07.wav;1;m;sad;7;
ecarini;ita;../StarGANv2-EmotionalVC/dataset/ita/ECARINI/sad_ecarini_01_M_Il_colombre_par08.wav;1;m;sad;8;
ecarini;ita;../StarGANv2-EmotionalVC/dataset/ita/ECARINI/sad_ecarini_01_M_Il_colombre_par09.wav;1;m;sad;9;
ecarini;ita;../StarGANv2-EmotionalVC/dataset/ita/ECARINI/sad_ecarini_01_M_Il_colombre_par10.wav;1;m;sad;10;
ecarini;ita;../StarGANv2-EmotionalVC/dataset/ita/ECARINI/sad_ecarini_01_M_Il_colombre_par11.wav;1;m;sad;11;
ecarini;ita;../StarGANv2-EmotionalVC/dataset/ita/ECARINI/sad_ecarini_01_M_Il_colombre_par12.wav;1;m;sad;12;
ecarini;ita;../StarGANv2-EmotionalVC/dataset/ita/ECARINI/sad_ecarini_01_M_Il_colombre_par13.wav;1;m;sad;13;
ecarini;ita;../StarGANv2-EmotionalVC/dataset/ita/ECARINI/sad_ecarini_01_M_Il_colombre_par14.wav;1;m;sad;14;
ecarini;ita;../StarGANv2-EmotionalVC/dataset/ita/ECARINI/sad_ecarini_01_M_Il_colombre_par15.wav;1;m;sad;15;
ecarini;ita;../StarGANv2-EmotionalVC/dataset/ita/ECARINI/sad_ecarini_01_M_Il_colombre_par16.wav;1;m;sad;16;
ecarini;ita;../StarGANv2-EmotionalVC/dataset/ita/ECARINI/sad_ecarini_01_M_Il_colombre_par17.wav;1;m;sad;17;
ecarini;ita;../StarGANv2-EmotionalVC/dataset/ita/ECARINI/sad_ecarini_01_M_Il_colombre_par18.wav;1;m;sad;18;
ecarini;ita;../StarGANv2-EmotionalVC/dataset/ita/ECARINI/sad_ecarini_01_M_Il_colombre_par19.wav;1;m;sad;19;
ecarini;ita;../StarGANv2-EmotionalVC/dataset/ita/ECARINI/sad_ecarini_01_M_Il_colombre_par20.wav;1;m;sad;20;
ecarini;ita;../StarGANv2-EmotionalVC/dataset/ita/ECARINI/sad_ecarini_01_M_Il_colombre_par21.wav;1;m;sad;21;
ecarini;ita;../StarGANv2-EmotionalVC/dataset/ita/ECARINI/sad_ecarini_01_M_Il_colombre_par22.wav;1;m;sad;22;
ecarini;ita;../StarGANv2-EmotionalVC/dataset/ita/ECARINI/sad_ecarini_01_M_Il_colombre_par23.wav;1;m;sad;23;
ecarini;ita;../StarGANv2-EmotionalVC/dataset/ita/ECARINI/sad_ecarini_01_M_Il_colombre_par24.wav;1;m;sad;24;
ecarini;ita;../StarGANv2-EmotionalVC/dataset/ita/ECARINI/sad_ecarini_01_M_Il_colombre_par25.wav;1;m;sad;25;
ecarini;ita;../StarGANv2-EmotionalVC/dataset/ita/ECARINI/sad_ecarini_01_M_Il_colombre_par26.wav;1;m;sad;26;
ecarini;ita;../StarGANv2-EmotionalVC/dataset/ita/ECARINI/sad_ecarini_01_M_Il_colombre_par27.wav;1;m;sad;27;
ecarini;ita;../StarGANv2-EmotionalVC/dataset/ita/ECARINI/sad_ecarini_01_M_Il_colombre_par28.wav;1;m;sad;28;
ecarini;ita;../StarGANv2-EmotionalVC/dataset/ita/ECARINI/sad_ecarini_01_M_Il_colombre_par29.wav;1;m;sad;29;
ecarini;ita;../StarGANv2-EmotionalVC/dataset/ita/ECARINI/sad_ecarini_01_M_Il_colombre_par30.wav;1;m;sad;30;
ecarini;ita;../StarGANv2-EmotionalVC/dataset/ita/ECARINI/sad_ecarini_01_M_Il_colombre_par31.wav;1;m;sad;31;
ecarini;ita;../StarGANv2-EmotionalVC/dataset/ita/ECARINI/sad_ecarini_01_M_Il_colombre_par32.wav;1;m;sad;32;
ecarini;ita;../StarGANv2-EmotionalVC/dataset/ita/ECARINI/sad_ecarini_01_M_Il_colombre_par33.wav;1;m;sad;33;
ecarini;ita;../StarGANv2-EmotionalVC/dataset/ita/ECARINI/sad_ecarini_01_M_Il_colombre_par34.wav;1;m;sad;34;
ecarini;ita;../StarGANv2-EmotionalVC/dataset/ita/ECARINI/sad_ecarini_01_M_Il_colombre_par35.wav;1;m;sad;35;
ecarini;ita;../StarGANv2-EmotionalVC/dataset/ita/ECARINI/sad_ecarini_01_M_Il_colombre_par36.wav;1;m;sad;36;
ecarini;ita;../StarGANv2-EmotionalVC/dataset/ita/ECARINI/sad_ecarini_01_M_Il_colombre_par37.wav;1;m;sad;37;
ecarini;ita;../StarGANv2-EmotionalVC/dataset/ita/ECARINI/sad_ecarini_01_M_Il_colombre_par38.wav;1;m;sad;38;
ecarini;ita;../StarGANv2-EmotionalVC/dataset/ita/ECARINI/sad_ecarini_01_M_Il_colombre_par39.wav;1;m;sad;39;
ecarini;ita;../StarGANv2-EmotionalVC/dataset/ita/ECARINI/sad_ecarini_01_M_Il_colombre_par40.wav;1;m;sad;40;
ecarini;ita;../StarGANv2-EmotionalVC/dataset/ita/ECARINI/sad_ecarini_01_M_Il_colombre_par41.wav;1;m;sad;41;
ecarini;ita;../StarGANv2-EmotionalVC/dataset/ita/ECARINI/sad_ecarini_01_M_Il_colombre_par42.wav;1;m;sad;42;
ecarini;ita;../StarGANv2-EmotionalVC/dataset/ita/ECARINI/sad_ecarini_01_M_Il_colombre_par43.wav;1;m;sad;43;
ecarini;ita;../StarGANv2-EmotionalVC/dataset/ita/ECARINI/sad_ecarini_01_M_Il_colombre_par44.wav;1;m;sad;44;
ecarini;ita;../StarGANv2-EmotionalVC/dataset/ita/ECARINI/sad_ecarini_01_M_Il_colombre_par45.wav;1;m;sad;45;
ecarini;ita;../StarGANv2-EmotionalVC/dataset/ita/ECARINI/sad_ecarini_01_M_Il_colombre_par46.wav;1;m;sad;46;
ecarini;ita;../StarGANv2-EmotionalVC/dataset/ita/ECARINI/sad_ecarini_01_M_Il_colombre_par47.wav;1;m;sad;47;
emovo;ita;../StarGANv2-EmotionalVC/dataset/ita/EMOVO/anger_emovo_01_M_rab-m1-b1.wav;m1;m;anger;b1;
emovo;ita;../StarGANv2-EmotionalVC/dataset/ita/EMOVO/anger_emovo_01_M_rab-m1-b2.wav;m1;m;anger;b2;
emovo;ita;../StarGANv2-EmotionalVC/dataset/ita/EMOVO/anger_emovo_01_M_rab-m1-b3.wav;m1;m;anger;b3;
emovo;ita;../StarGANv2-EmotionalVC/dataset/ita/EMOVO/anger_emovo_01_M_rab-m1-d1.wav;m1;m;anger;d1;
emovo;ita;../StarGANv2-EmotionalVC/dataset/ita/EMOVO/anger_emovo_01_M_rab-m1-d2.wav;m1;m;anger;d2;
emovo;ita;../StarGANv2-EmotionalVC/dataset/ita/EMOVO/anger_emovo_01_M_rab-m1-l1.wav;m1;m;anger;l1;
emovo;ita;../StarGANv2-EmotionalVC/dataset/ita/EMOVO/anger_emovo_01_M_rab-m1-l2.wav;m1;m;anger;l2;
emovo;ita;../StarGANv2-EmotionalVC/dataset/ita/EMOVO/anger_emovo_01_M_rab-m1-l3.wav;m1;m;anger;l3;
emovo;ita;../StarGANv2-EmotionalVC/dataset/ita/EMOVO/anger_emovo_01_M_rab-m1-l4.wav;m1;m;anger;l4;
emovo;ita;../StarGANv2-EmotionalVC/dataset/ita/EMOVO/anger_emovo_01_M_rab-m1-n1.wav;m1;m;anger;n1;
emovo;ita;../StarGANv2-EmotionalVC/dataset/ita/EMOVO/anger_emovo_01_M_rab-m1-n2.wav;m1;m;anger;n2;
emovo;ita;../StarGANv2-EmotionalVC/dataset/ita/EMOVO/anger_emovo_01_M_rab-m1-n3.wav;m1;m;anger;n3;
emovo;ita;../StarGANv2-EmotionalVC/dataset/ita/EMOVO/anger_emovo_01_M_rab-m1-n4.wav;m1;m;anger;n4;
emovo;ita;../StarGANv2-EmotionalVC/dataset/ita/EMOVO/anger_emovo_01_M_rab-m1-n5.wav;m1;m;anger;n5;
emovo;ita;../StarGANv2-EmotionalVC/dataset/ita/EMOVO/anger_emovo_02_M_rab-m2-b1.wav;m2;m;anger;b1;
emovo;ita;../StarGANv2-EmotionalVC/dataset/ita/EMOVO/anger_emovo_02_M_rab-m2-b2.wav;m2;m;anger;b2;
emovo;ita;../StarGANv2-EmotionalVC/dataset/ita/EMOVO/anger_emovo_02_M_rab-m2-b3.wav;m2;m;anger;b3;
emovo;ita;../StarGANv2-EmotionalVC/dataset/ita/EMOVO/anger_emovo_02_M_rab-m2-d1.wav;m2;m;anger;d1;
emovo;ita;../StarGANv2-EmotionalVC/dataset/ita/EMOVO/anger_emovo_02_M_rab-m2-d2.wav;m2;m;anger;d2;
emovo;ita;../StarGANv2-EmotionalVC/dataset/ita/EMOVO/anger_emovo_02_M_rab-m2-l1.wav;m2;m;anger;l1;
emovo;ita;../StarGANv2-EmotionalVC/dataset/ita/EMOVO/anger_emovo_02_M_rab-m2-l2.wav;m2;m;anger;l2;
emovo;ita;../StarGANv2-EmotionalVC/dataset/ita/EMOVO/anger_emovo_02_M_rab-m2-l3.wav;m2;m;anger;l3;
emovo;ita;../StarGANv2-EmotionalVC/dataset/ita/EMOVO/anger_emovo_02_M_rab-m2-l4.wav;m2;m;anger;l4;
emovo;ita;../StarGANv2-EmotionalVC/dataset/ita/EMOVO/anger_emovo_02_M_rab-m2-n1.wav;m2;m;anger;n1;
emovo;ita;../StarGANv2-EmotionalVC/dataset/ita/EMOVO/anger_emovo_02_M_rab-m2-n2.wav;m2;m;anger;n2;
emovo;ita;../StarGANv2-EmotionalVC/dataset/ita/EMOVO/anger_emovo_02_M_rab-m2-n3.wav;m2;m;anger;n3;
emovo;ita;../StarGANv2-EmotionalVC/dataset/ita/EMOVO/anger_emovo_02_M_rab-m2-n4.wav;m2;m;anger;n4;
emovo;ita;../StarGANv2-EmotionalVC/dataset/ita/EMOVO/anger_emovo_02_M_rab-m2-n5.wav;m2;m;anger;n5;
emovo;ita;../StarGANv2-EmotionalVC/dataset/ita/EMOVO/anger_emovo_03_M_rab-m3-b1.wav;m3;m;anger;b1;
emovo;ita;../StarGANv2-EmotionalVC/dataset/ita/EMOVO/anger_emovo_03_M_rab-m3-b2.wav;m3;m;anger;b2;
emovo;ita;../StarGANv2-EmotionalVC/dataset/ita/EMOVO/anger_emovo_03_M_rab-m3-b3.wav;m3;m;anger;b3;
emovo;ita;../StarGANv2-EmotionalVC/dataset/ita/EMOVO/anger_emovo_03_M_rab-m3-d1.wav;m3;m;anger;d1;
emovo;ita;../StarGANv2-EmotionalVC/dataset/ita/EMOVO/anger_emovo_03_M_rab-m3-d2.wav;m3;m;anger;d2;
emovo;ita;../StarGANv2-EmotionalVC/dataset/ita/EMOVO/anger_emovo_03_M_rab-m3-l1.wav;m3;m;anger;l1;
emovo;ita;../StarGANv2-EmotionalVC/dataset/ita/EMOVO/anger_emovo_03_M_rab-m3-l2.wav;m3;m;anger;l2;
emovo;ita;../StarGANv2-EmotionalVC/dataset/ita/EMOVO/anger_emovo_03_M_rab-m3-l3.wav;m3;m;anger;l3;
emovo;ita;../StarGANv2-EmotionalVC/dataset/ita/EMOVO/anger_emovo_03_M_rab-m3-l4.wav;m3;m;anger;l4;
emovo;ita;../StarGANv2-EmotionalVC/dataset/ita/EMOVO/anger_emovo_03_M_rab-m3-n1.wav;m3;m;anger;n1;
emovo;ita;../StarGANv2-EmotionalVC/dataset/ita/EMOVO/anger_emovo_03_M_rab-m3-n2.wav;m3;m;anger;n2;
emovo;ita;../StarGANv2-EmotionalVC/dataset/ita/EMOVO/anger_emovo_03_M_rab-m3-n3.wav;m3;m;anger;n3;
emovo;ita;../StarGANv2-EmotionalVC/dataset/ita/EMOVO/anger_emovo_03_M_rab-m3-n4.wav;m3;m;anger;n4;
emovo;ita;../StarGANv2-EmotionalVC/dataset/ita/EMOVO/anger_emovo_03_M_rab-m3-n5.wav;m3;m;anger;n5;
emovo;ita;../StarGANv2-EmotionalVC/dataset/ita/EMOVO/anger_emovo_04_F_rab-f1-b1.wav;f1;f;anger;b1;
emovo;ita;../StarGANv2-EmotionalVC/dataset/ita/EMOVO/anger_emovo_04_F_rab-f1-b2.wav;f1;f;anger;b2;
emovo;ita;../StarGANv2-EmotionalVC/dataset/ita/EMOVO/anger_emovo_04_F_rab-f1-b3.wav;f1;f;anger;b3;
emovo;ita;../StarGANv2-EmotionalVC/dataset/ita/EMOVO/anger_emovo_04_F_rab-f1-d1.wav;f1;f;anger;d1;
emovo;ita;../StarGANv2-EmotionalVC/dataset/ita/EMOVO/anger_emovo_04_F_rab-f1-d2.wav;f1;f;anger;d2;
emovo;ita;../StarGANv2-EmotionalVC/dataset/ita/EMOVO/anger_emovo_04_F_rab-f1-l1.wav;f1;f;anger;l1;
emovo;ita;../StarGANv2-EmotionalVC/dataset/ita/EMOVO/anger_emovo_04_F_rab-f1-l2.wav;f1;f;anger;l2;
emovo;ita;../StarGANv2-EmotionalVC/dataset/ita/EMOVO/anger_emovo_04_F_rab-f1-l3.wav;f1;f;anger;l3;
emovo;ita;../StarGANv2-EmotionalVC/dataset/ita/EMOVO/anger_emovo_04_F_rab-f1-l4.wav;f1;f;anger;l4;
emovo;ita;../StarGANv2-EmotionalVC/dataset/ita/EMOVO/anger_emovo_04_F_rab-f1-n1.wav;f1;f;anger;n1;
emovo;ita;../StarGANv2-EmotionalVC/dataset/ita/EMOVO/anger_emovo_04_F_rab-f1-n2.wav;f1;f;anger;n2;
emovo;ita;../StarGANv2-EmotionalVC/dataset/ita/EMOVO/anger_emovo_04_F_rab-f1-n3.wav;f1;f;anger;n3;
emovo;ita;../StarGANv2-EmotionalVC/dataset/ita/EMOVO/anger_emovo_04_F_rab-f1-n4.wav;f1;f;anger;n4;
emovo;ita;../StarGANv2-EmotionalVC/dataset/ita/EMOVO/anger_emovo_04_F_rab-f1-n5.wav;f1;f;anger;n5;
emovo;ita;../StarGANv2-EmotionalVC/dataset/ita/EMOVO/anger_emovo_05_F_rab-f2-b1.wav;f2;f;anger;b1;
emovo;ita;../StarGANv2-EmotionalVC/dataset/ita/EMOVO/anger_emovo_05_F_rab-f2-b2.wav;f2;f;anger;b2;
emovo;ita;../StarGANv2-EmotionalVC/dataset/ita/EMOVO/anger_emovo_05_F_rab-f2-b3.wav;f2;f;anger;b3;
emovo;ita;../StarGANv2-EmotionalVC/dataset/ita/EMOVO/anger_emovo_05_F_rab-f2-d1.wav;f2;f;anger;d1;
emovo;ita;../StarGANv2-EmotionalVC/dataset/ita/EMOVO/anger_emovo_05_F_rab-f2-d2.wav;f2;f;anger;d2;
emovo;ita;../StarGANv2-EmotionalVC/dataset/ita/EMOVO/anger_emovo_05_F_rab-f2-l1.wav;f2;f;anger;l1;
emovo;ita;../StarGANv2-EmotionalVC/dataset/ita/EMOVO/anger_emovo_05_F_rab-f2-l2.wav;f2;f;anger;l2;
emovo;ita;../StarGANv2-EmotionalVC/dataset/ita/EMOVO/anger_emovo_05_F_rab-f2-l3.wav;f2;f;anger;l3;
emovo;ita;../StarGANv2-EmotionalVC/dataset/ita/EMOVO/anger_emovo_05_F_rab-f2-l4.wav;f2;f;anger;l4;
emovo;ita;../StarGANv2-EmotionalVC/dataset/ita/EMOVO/anger_emovo_05_F_rab-f2-n1.wav;f2;f;anger;n1;
emovo;ita;../StarGANv2-EmotionalVC/dataset/ita/EMOVO/anger_emovo_05_F_rab-f2-n2.wav;f2;f;anger;n2;
emovo;ita;../StarGANv2-EmotionalVC/dataset/ita/EMOVO/anger_emovo_05_F_rab-f2-n3.wav;f2;f;anger;n3;
emovo;ita;../StarGANv2-EmotionalVC/dataset/ita/EMOVO/anger_emovo_05_F_rab-f2-n4.wav;f2;f;anger;n4;
emovo;ita;../StarGANv2-EmotionalVC/dataset/ita/EMOVO/anger_emovo_05_F_rab-f2-n5.wav;f2;f;anger;n5;
emovo;ita;../StarGANv2-EmotionalVC/dataset/ita/EMOVO/anger_emovo_06_F_rab-f3-b1.wav;f3;f;anger;b1;
emovo;ita;../StarGANv2-EmotionalVC/dataset/ita/EMOVO/anger_emovo_06_F_rab-f3-b2.wav;f3;f;anger;b2;
emovo;ita;../StarGANv2-EmotionalVC/dataset/ita/EMOVO/anger_emovo_06_F_rab-f3-b3.wav;f3;f;anger;b3;
emovo;ita;../StarGANv2-EmotionalVC/dataset/ita/EMOVO/anger_emovo_06_F_rab-f3-d1.wav;f3;f;anger;d1;
emovo;ita;../StarGANv2-EmotionalVC/dataset/ita/EMOVO/anger_emovo_06_F_rab-f3-d2.wav;f3;f;anger;d2;
emovo;ita;../StarGANv2-EmotionalVC/dataset/ita/EMOVO/anger_emovo_06_F_rab-f3-l1.wav;f3;f;anger;l1;
emovo;ita;../StarGANv2-EmotionalVC/dataset/ita/EMOVO/anger_emovo_06_F_rab-f3-l2.wav;f3;f;anger;l2;
emovo;ita;../StarGANv2-EmotionalVC/dataset/ita/EMOVO/anger_emovo_06_F_rab-f3-l3.wav;f3;f;anger;l3;
emovo;ita;../StarGANv2-EmotionalVC/dataset/ita/EMOVO/anger_emovo_06_F_rab-f3-l4.wav;f3;f;anger;l4;
emovo;ita;../StarGANv2-EmotionalVC/dataset/ita/EMOVO/anger_emovo_06_F_rab-f3-n1.wav;f3;f;anger;n1;
emovo;ita;../StarGANv2-EmotionalVC/dataset/ita/EMOVO/anger_emovo_06_F_rab-f3-n2.wav;f3;f;anger;n2;
emovo;ita;../StarGANv2-EmotionalVC/dataset/ita/EMOVO/anger_emovo_06_F_rab-f3-n3.wav;f3;f;anger;n3;
emovo;ita;../StarGANv2-EmotionalVC/dataset/ita/EMOVO/anger_emovo_06_F_rab-f3-n4.wav;f3;f;anger;n4;
emovo;ita;../StarGANv2-EmotionalVC/dataset/ita/EMOVO/anger_emovo_06_F_rab-f3-n5.wav;f3;f;anger;n5;
emovo;ita;../StarGANv2-EmotionalVC/dataset/ita/EMOVO/happy_emovo_01_M_gio-m1-b1.wav;m1;m;happy;b1;
emovo;ita;../StarGANv2-EmotionalVC/dataset/ita/EMOVO/happy_emovo_01_M_gio-m1-b2.wav;m1;m;happy;b2;
emovo;ita;../StarGANv2-EmotionalVC/dataset/ita/EMOVO/happy_emovo_01_M_gio-m1-b3.wav;m1;m;happy;b3;
emovo;ita;../StarGANv2-EmotionalVC/dataset/ita/EMOVO/happy_emovo_01_M_gio-m1-d1.wav;m1;m;happy;d1;
emovo;ita;../StarGANv2-EmotionalVC/dataset/ita/EMOVO/happy_emovo_01_M_gio-m1-d2.wav;m1;m;happy;d2;
emovo;ita;../StarGANv2-EmotionalVC/dataset/ita/EMOVO/happy_emovo_01_M_gio-m1-l1.wav;m1;m;happy;l1;
emovo;ita;../StarGANv2-EmotionalVC/dataset/ita/EMOVO/happy_emovo_01_M_gio-m1-l2.wav;m1;m;happy;l2;
emovo;ita;../StarGANv2-EmotionalVC/dataset/ita/EMOVO/happy_emovo_01_M_gio-m1-l3.wav;m1;m;happy;l3;
emovo;ita;../StarGANv2-EmotionalVC/dataset/ita/EMOVO/happy_emovo_01_M_gio-m1-l4.wav;m1;m;happy;l4;
emovo;ita;../StarGANv2-EmotionalVC/dataset/ita/EMOVO/happy_emovo_01_M_gio-m1-n1.wav;m1;m;happy;n1;
emovo;ita;../StarGANv2-EmotionalVC/dataset/ita/EMOVO/happy_emovo_01_M_gio-m1-n2.wav;m1;m;happy;n2;
emovo;ita;../StarGANv2-EmotionalVC/dataset/ita/EMOVO/happy_emovo_01_M_gio-m1-n3.wav;m1;m;happy;n3;
emovo;ita;../StarGANv2-EmotionalVC/dataset/ita/EMOVO/happy_emovo_01_M_gio-m1-n4.wav;m1;m;happy;n4;
emovo;ita;../StarGANv2-EmotionalVC/dataset/ita/EMOVO/happy_emovo_01_M_gio-m1-n5.wav;m1;m;happy;n5;
emovo;ita;../StarGANv2-EmotionalVC/dataset/ita/EMOVO/happy_emovo_02_M_gio-m2-b1.wav;m2;m;happy;b1;
emovo;ita;../StarGANv2-EmotionalVC/dataset/ita/EMOVO/happy_emovo_02_M_gio-m2-b2.wav;m2;m;happy;b2;
emovo;ita;../StarGANv2-EmotionalVC/dataset/ita/EMOVO/happy_emovo_02_M_gio-m2-b3.wav;m2;m;happy;b3;
emovo;ita;../StarGANv2-EmotionalVC/dataset/ita/EMOVO/happy_emovo_02_M_gio-m2-d1.wav;m2;m;happy;d1;
emovo;ita;../StarGANv2-EmotionalVC/dataset/ita/EMOVO/happy_emovo_02_M_gio-m2-d2.wav;m2;m;happy;d2;
emovo;ita;../StarGANv2-EmotionalVC/dataset/ita/EMOVO/happy_emovo_02_M_gio-m2-l1.wav;m2;m;happy;l1;
emovo;ita;../StarGANv2-EmotionalVC/dataset/ita/EMOVO/happy_emovo_02_M_gio-m2-l2.wav;m2;m;happy;l2;
emovo;ita;../StarGANv2-EmotionalVC/dataset/ita/EMOVO/happy_emovo_02_M_gio-m2-l3.wav;m2;m;happy;l3;
emovo;ita;../StarGANv2-EmotionalVC/dataset/ita/EMOVO/happy_emovo_02_M_gio-m2-l4.wav;m2;m;happy;l4;
emovo;ita;../StarGANv2-EmotionalVC/dataset/ita/EMOVO/happy_emovo_02_M_gio-m2-n1.wav;m2;m;happy;n1;
emovo;ita;../StarGANv2-EmotionalVC/dataset/ita/EMOVO/happy_emovo_02_M_gio-m2-n2.wav;m2;m;happy;n2;
emovo;ita;../StarGANv2-EmotionalVC/dataset/ita/EMOVO/happy_emovo_02_M_gio-m2-n3.wav;m2;m;happy;n3;
emovo;ita;../StarGANv2-EmotionalVC/dataset/ita/EMOVO/happy_emovo_02_M_gio-m2-n4.wav;m2;m;happy;n4;
emovo;ita;../StarGANv2-EmotionalVC/dataset/ita/EMOVO/happy_emovo_02_M_gio-m2-n5.wav;m2;m;happy;n5;
emovo;ita;../StarGANv2-EmotionalVC/dataset/ita/EMOVO/happy_emovo_03_M_gio-m3-b1.wav;m3;m;happy;b1;
emovo;ita;../StarGANv2-EmotionalVC/dataset/ita/EMOVO/happy_emovo_03_M_gio-m3-b2.wav;m3;m;happy;b2;
emovo;ita;../StarGANv2-EmotionalVC/dataset/ita/EMOVO/happy_emovo_03_M_gio-m3-b3.wav;m3;m;happy;b3;
emovo;ita;../StarGANv2-EmotionalVC/dataset/ita/EMOVO/happy_emovo_03_M_gio-m3-d1.wav;m3;m;happy;d1;
emovo;ita;../StarGANv2-EmotionalVC/dataset/ita/EMOVO/happy_emovo_03_M_gio-m3-d2.wav;m3;m;happy;d2;
emovo;ita;../StarGANv2-EmotionalVC/dataset/ita/EMOVO/happy_emovo_03_M_gio-m3-l1.wav;m3;m;happy;l1;
emovo;ita;../StarGANv2-EmotionalVC/dataset/ita/EMOVO/happy_emovo_03_M_gio-m3-l2.wav;m3;m;happy;l2;
emovo;ita;../StarGANv2-EmotionalVC/dataset/ita/EMOVO/happy_emovo_03_M_gio-m3-l3.wav;m3;m;happy;l3;
emovo;ita;../StarGANv2-EmotionalVC/dataset/ita/EMOVO/happy_emovo_03_M_gio-m3-l4.wav;m3;m;happy;l4;
emovo;ita;../StarGANv2-EmotionalVC/dataset/ita/EMOVO/happy_emovo_03_M_gio-m3-n1.wav;m3;m;happy;n1;
emovo;ita;../StarGANv2-EmotionalVC/dataset/ita/EMOVO/happy_emovo_03_M_gio-m3-n2.wav;m3;m;happy;n2;
emovo;ita;../StarGANv2-EmotionalVC/dataset/ita/EMOVO/happy_emovo_03_M_gio-m3-n3.wav;m3;m;happy;n3;
emovo;ita;../StarGANv2-EmotionalVC/dataset/ita/EMOVO/happy_emovo_03_M_gio-m3-n4.wav;m3;m;happy;n4;
emovo;ita;../StarGANv2-EmotionalVC/dataset/ita/EMOVO/happy_emovo_03_M_gio-m3-n5.wav;m3;m;happy;n5;
emovo;ita;../StarGANv2-EmotionalVC/dataset/ita/EMOVO/happy_emovo_04_F_gio-f1-b1.wav;f1;f;happy;b1;
emovo;ita;../StarGANv2-EmotionalVC/dataset/ita/EMOVO/happy_emovo_04_F_gio-f1-b2.wav;f1;f;happy;b2;
emovo;ita;../StarGANv2-EmotionalVC/dataset/ita/EMOVO/happy_emovo_04_F_gio-f1-b3.wav;f1;f;happy;b3;
emovo;ita;../StarGANv2-EmotionalVC/dataset/ita/EMOVO/happy_emovo_04_F_gio-f1-d1.wav;f1;f;happy;d1;
emovo;ita;../StarGANv2-EmotionalVC/dataset/ita/EMOVO/happy_emovo_04_F_gio-f1-d2.wav;f1;f;happy;d2;
emovo;ita;../StarGANv2-EmotionalVC/dataset/ita/EMOVO/happy_emovo_04_F_gio-f1-l1.wav;f1;f;happy;l1;
emovo;ita;../StarGANv2-EmotionalVC/dataset/ita/EMOVO/happy_emovo_04_F_gio-f1-l2.wav;f1;f;happy;l2;
emovo;ita;../StarGANv2-EmotionalVC/dataset/ita/EMOVO/happy_emovo_04_F_gio-f1-l3.wav;f1;f;happy;l3;
emovo;ita;../StarGANv2-EmotionalVC/dataset/ita/EMOVO/happy_emovo_04_F_gio-f1-l4.wav;f1;f;happy;l4;
emovo;ita;../StarGANv2-EmotionalVC/dataset/ita/EMOVO/happy_emovo_04_F_gio-f1-n1.wav;f1;f;happy;n1;
emovo;ita;../StarGANv2-EmotionalVC/dataset/ita/EMOVO/happy_emovo_04_F_gio-f1-n2.wav;f1;f;happy;n2;
emovo;ita;../StarGANv2-EmotionalVC/dataset/ita/EMOVO/happy_emovo_04_F_gio-f1-n3.wav;f1;f;happy;n3;
emovo;ita;../StarGANv2-EmotionalVC/dataset/ita/EMOVO/happy_emovo_04_F_gio-f1-n4.wav;f1;f;happy;n4;
emovo;ita;../StarGANv2-EmotionalVC/dataset/ita/EMOVO/happy_emovo_04_F_gio-f1-n5.wav;f1;f;happy;n5;
emovo;ita;../StarGANv2-EmotionalVC/dataset/ita/EMOVO/happy_emovo_05_F_gio-f2-b1.wav;f2;f;happy;b1;
emovo;ita;../StarGANv2-EmotionalVC/dataset/ita/EMOVO/happy_emovo_05_F_gio-f2-b2.wav;f2;f;happy;b2;
emovo;ita;../StarGANv2-EmotionalVC/dataset/ita/EMOVO/happy_emovo_05_F_gio-f2-b3.wav;f2;f;happy;b3;
emovo;ita;../StarGANv2-EmotionalVC/dataset/ita/EMOVO/happy_emovo_05_F_gio-f2-d1.wav;f2;f;happy;d1;
emovo;ita;../StarGANv2-EmotionalVC/dataset/ita/EMOVO/happy_emovo_05_F_gio-f2-d2.wav;f2;f;happy;d2;
emovo;ita;../StarGANv2-EmotionalVC/dataset/ita/EMOVO/happy_emovo_05_F_gio-f2-l1.wav;f2;f;happy;l1;
emovo;ita;../StarGANv2-EmotionalVC/dataset/ita/EMOVO/happy_emovo_05_F_gio-f2-l2.wav;f2;f;happy;l2;
emovo;ita;../StarGANv2-EmotionalVC/dataset/ita/EMOVO/happy_emovo_05_F_gio-f2-l3.wav;f2;f;happy;l3;
emovo;ita;../StarGANv2-EmotionalVC/dataset/ita/EMOVO/happy_emovo_05_F_gio-f2-l4.wav;f2;f;happy;l4;
emovo;ita;../StarGANv2-EmotionalVC/dataset/ita/EMOVO/happy_emovo_05_F_gio-f2-n1.wav;f2;f;happy;n1;
emovo;ita;../StarGANv2-EmotionalVC/dataset/ita/EMOVO/happy_emovo_05_F_gio-f2-n2.wav;f2;f;happy;n2;
emovo;ita;../StarGANv2-EmotionalVC/dataset/ita/EMOVO/happy_emovo_05_F_gio-f2-n3.wav;f2;f;happy;n3;
emovo;ita;../StarGANv2-EmotionalVC/dataset/ita/EMOVO/happy_emovo_05_F_gio-f2-n4.wav;f2;f;happy;n4;
emovo;ita;../StarGANv2-EmotionalVC/dataset/ita/EMOVO/happy_emovo_05_F_gio-f2-n5.wav;f2;f;happy;n5;
emovo;ita;../StarGANv2-EmotionalVC/dataset/ita/EMOVO/happy_emovo_06_F_gio-f3-b1.wav;f3;f;happy;b1;
emovo;ita;../StarGANv2-EmotionalVC/dataset/ita/EMOVO/happy_emovo_06_F_gio-f3-b2.wav;f3;f;happy;b2;
emovo;ita;../StarGANv2-EmotionalVC/dataset/ita/EMOVO/happy_emovo_06_F_gio-f3-b3.wav;f3;f;happy;b3;
emovo;ita;../StarGANv2-EmotionalVC/dataset/ita/EMOVO/happy_emovo_06_F_gio-f3-d1.wav;f3;f;happy;d1;
emovo;ita;../StarGANv2-EmotionalVC/dataset/ita/EMOVO/happy_emovo_06_F_gio-f3-d2.wav;f3;f;happy;d2;
emovo;ita;../StarGANv2-EmotionalVC/dataset/ita/EMOVO/happy_emovo_06_F_gio-f3-l1.wav;f3;f;happy;l1;
emovo;ita;../StarGANv2-EmotionalVC/dataset/ita/EMOVO/happy_emovo_06_F_gio-f3-l2.wav;f3;f;happy;l2;
emovo;ita;../StarGANv2-EmotionalVC/dataset/ita/EMOVO/happy_emovo_06_F_gio-f3-l3.wav;f3;f;happy;l3;
emovo;ita;../StarGANv2-EmotionalVC/dataset/ita/EMOVO/happy_emovo_06_F_gio-f3-l4.wav;f3;f;happy;l4;
emovo;ita;../StarGANv2-EmotionalVC/dataset/ita/EMOVO/happy_emovo_06_F_gio-f3-n1.wav;f3;f;happy;n1;
emovo;ita;../StarGANv2-EmotionalVC/dataset/ita/EMOVO/happy_emovo_06_F_gio-f3-n2.wav;f3;f;happy;n2;
emovo;ita;../StarGANv2-EmotionalVC/dataset/ita/EMOVO/happy_emovo_06_F_gio-f3-n3.wav;f3;f;happy;n3;
emovo;ita;../StarGANv2-EmotionalVC/dataset/ita/EMOVO/happy_emovo_06_F_gio-f3-n4.wav;f3;f;happy;n4;
emovo;ita;../StarGANv2-EmotionalVC/dataset/ita/EMOVO/happy_emovo_06_F_gio-f3-n5.wav;f3;f;happy;n5;
emovo;ita;../StarGANv2-EmotionalVC/dataset/ita/EMOVO/neutral_emovo_01_M_neu-m1-b1.wav;m1;m;neutral;b1;
emovo;ita;../StarGANv2-EmotionalVC/dataset/ita/EMOVO/neutral_emovo_01_M_neu-m1-b2.wav;m1;m;neutral;b2;
emovo;ita;../StarGANv2-EmotionalVC/dataset/ita/EMOVO/neutral_emovo_01_M_neu-m1-b3.wav;m1;m;neutral;b3;
emovo;ita;../StarGANv2-EmotionalVC/dataset/ita/EMOVO/neutral_emovo_01_M_neu-m1-d1.wav;m1;m;neutral;d1;
emovo;ita;../StarGANv2-EmotionalVC/dataset/ita/EMOVO/neutral_emovo_01_M_neu-m1-d2.wav;m1;m;neutral;d2;
emovo;ita;../StarGANv2-EmotionalVC/dataset/ita/EMOVO/neutral_emovo_01_M_neu-m1-l1.wav;m1;m;neutral;l1;
emovo;ita;../StarGANv2-EmotionalVC/dataset/ita/EMOVO/neutral_emovo_01_M_neu-m1-l2.wav;m1;m;neutral;l2;
emovo;ita;../StarGANv2-EmotionalVC/dataset/ita/EMOVO/neutral_emovo_01_M_neu-m1-l3.wav;m1;m;neutral;l3;
emovo;ita;../StarGANv2-EmotionalVC/dataset/ita/EMOVO/neutral_emovo_01_M_neu-m1-l4.wav;m1;m;neutral;l4;
emovo;ita;../StarGANv2-EmotionalVC/dataset/ita/EMOVO/neutral_emovo_01_M_neu-m1-n1.wav;m1;m;neutral;n1;
emovo;ita;../StarGANv2-EmotionalVC/dataset/ita/EMOVO/neutral_emovo_01_M_neu-m1-n2.wav;m1;m;neutral;n2;
emovo;ita;../StarGANv2-EmotionalVC/dataset/ita/EMOVO/neutral_emovo_01_M_neu-m1-n3.wav;m1;m;neutral;n3;
emovo;ita;../StarGANv2-EmotionalVC/dataset/ita/EMOVO/neutral_emovo_01_M_neu-m1-n4.wav;m1;m;neutral;n4;
emovo;ita;../StarGANv2-EmotionalVC/dataset/ita/EMOVO/neutral_emovo_01_M_neu-m1-n5.wav;m1;m;neutral;n5;
emovo;ita;../StarGANv2-EmotionalVC/dataset/ita/EMOVO/neutral_emovo_02_M_neu-m2-b1.wav;m2;m;neutral;b1;
emovo;ita;../StarGANv2-EmotionalVC/dataset/ita/EMOVO/neutral_emovo_02_M_neu-m2-b2.wav;m2;m;neutral;b2;
emovo;ita;../StarGANv2-EmotionalVC/dataset/ita/EMOVO/neutral_emovo_02_M_neu-m2-b3.wav;m2;m;neutral;b3;
emovo;ita;../StarGANv2-EmotionalVC/dataset/ita/EMOVO/neutral_emovo_02_M_neu-m2-d1.wav;m2;m;neutral;d1;
emovo;ita;../StarGANv2-EmotionalVC/dataset/ita/EMOVO/neutral_emovo_02_M_neu-m2-d2.wav;m2;m;neutral;d2;
emovo;ita;../StarGANv2-EmotionalVC/dataset/ita/EMOVO/neutral_emovo_02_M_neu-m2-l1.wav;m2;m;neutral;l1;
emovo;ita;../StarGANv2-EmotionalVC/dataset/ita/EMOVO/neutral_emovo_02_M_neu-m2-l2.wav;m2;m;neutral;l2;
emovo;ita;../StarGANv2-EmotionalVC/dataset/ita/EMOVO/neutral_emovo_02_M_neu-m2-l3.wav;m2;m;neutral;l3;
emovo;ita;../StarGANv2-EmotionalVC/dataset/ita/EMOVO/neutral_emovo_02_M_neu-m2-l4.wav;m2;m;neutral;l4;
emovo;ita;../StarGANv2-EmotionalVC/dataset/ita/EMOVO/neutral_emovo_02_M_neu-m2-n1.wav;m2;m;neutral;n1;
emovo;ita;../StarGANv2-EmotionalVC/dataset/ita/EMOVO/neutral_emovo_02_M_neu-m2-n2.wav;m2;m;neutral;n2;
emovo;ita;../StarGANv2-EmotionalVC/dataset/ita/EMOVO/neutral_emovo_02_M_neu-m2-n3.wav;m2;m;neutral;n3;
emovo;ita;../StarGANv2-EmotionalVC/dataset/ita/EMOVO/neutral_emovo_02_M_neu-m2-n4.wav;m2;m;neutral;n4;
emovo;ita;../StarGANv2-EmotionalVC/dataset/ita/EMOVO/neutral_emovo_02_M_neu-m2-n5.wav;m2;m;neutral;n5;
emovo;ita;../StarGANv2-EmotionalVC/dataset/ita/EMOVO/neutral_emovo_03_M_neu-m3-b1.wav;m3;m;neutral;b1;
emovo;ita;../StarGANv2-EmotionalVC/dataset/ita/EMOVO/neutral_emovo_03_M_neu-m3-b2.wav;m3;m;neutral;b2;
emovo;ita;../StarGANv2-EmotionalVC/dataset/ita/EMOVO/neutral_emovo_03_M_neu-m3-b3.wav;m3;m;neutral;b3;
emovo;ita;../StarGANv2-EmotionalVC/dataset/ita/EMOVO/neutral_emovo_03_M_neu-m3-d1.wav;m3;m;neutral;d1;
emovo;ita;../StarGANv2-EmotionalVC/dataset/ita/EMOVO/neutral_emovo_03_M_neu-m3-d2.wav;m3;m;neutral;d2;
emovo;ita;../StarGANv2-EmotionalVC/dataset/ita/EMOVO/neutral_emovo_03_M_neu-m3-l1.wav;m3;m;neutral;l1;
emovo;ita;../StarGANv2-EmotionalVC/dataset/ita/EMOVO/neutral_emovo_03_M_neu-m3-l2.wav;m3;m;neutral;l2;
emovo;ita;../StarGANv2-EmotionalVC/dataset/ita/EMOVO/neutral_emovo_03_M_neu-m3-l3.wav;m3;m;neutral;l3;
emovo;ita;../StarGANv2-EmotionalVC/dataset/ita/EMOVO/neutral_emovo_03_M_neu-m3-l4.wav;m3;m;neutral;l4;
emovo;ita;../StarGANv2-EmotionalVC/dataset/ita/EMOVO/neutral_emovo_03_M_neu-m3-n1.wav;m3;m;neutral;n1;
emovo;ita;../StarGANv2-EmotionalVC/dataset/ita/EMOVO/neutral_emovo_03_M_neu-m3-n2.wav;m3;m;neutral;n2;
emovo;ita;../StarGANv2-EmotionalVC/dataset/ita/EMOVO/neutral_emovo_03_M_neu-m3-n3.wav;m3;m;neutral;n3;
emovo;ita;../StarGANv2-EmotionalVC/dataset/ita/EMOVO/neutral_emovo_03_M_neu-m3-n4.wav;m3;m;neutral;n4;
emovo;ita;../StarGANv2-EmotionalVC/dataset/ita/EMOVO/neutral_emovo_03_M_neu-m3-n5.wav;m3;m;neutral;n5;
emovo;ita;../StarGANv2-EmotionalVC/dataset/ita/EMOVO/neutral_emovo_04_F_neu-f1-b1.wav;f1;f;neutral;b1;
emovo;ita;../StarGANv2-EmotionalVC/dataset/ita/EMOVO/neutral_emovo_04_F_neu-f1-b2.wav;f1;f;neutral;b2;
emovo;ita;../StarGANv2-EmotionalVC/dataset/ita/EMOVO/neutral_emovo_04_F_neu-f1-b3.wav;f1;f;neutral;b3;
emovo;ita;../StarGANv2-EmotionalVC/dataset/ita/EMOVO/neutral_emovo_04_F_neu-f1-d1.wav;f1;f;neutral;d1;
emovo;ita;../StarGANv2-EmotionalVC/dataset/ita/EMOVO/neutral_emovo_04_F_neu-f1-d2.wav;f1;f;neutral;d2;
emovo;ita;../StarGANv2-EmotionalVC/dataset/ita/EMOVO/neutral_emovo_04_F_neu-f1-l1.wav;f1;f;neutral;l1;
emovo;ita;../StarGANv2-EmotionalVC/dataset/ita/EMOVO/neutral_emovo_04_F_neu-f1-l2.wav;f1;f;neutral;l2;
emovo;ita;../StarGANv2-EmotionalVC/dataset/ita/EMOVO/neutral_emovo_04_F_neu-f1-l3.wav;f1;f;neutral;l3;
emovo;ita;../StarGANv2-EmotionalVC/dataset/ita/EMOVO/neutral_emovo_04_F_neu-f1-l4.wav;f1;f;neutral;l4;
emovo;ita;../StarGANv2-EmotionalVC/dataset/ita/EMOVO/neutral_emovo_04_F_neu-f1-n1.wav;f1;f;neutral;n1;
emovo;ita;../StarGANv2-EmotionalVC/dataset/ita/EMOVO/neutral_emovo_04_F_neu-f1-n2.wav;f1;f;neutral;n2;
emovo;ita;../StarGANv2-EmotionalVC/dataset/ita/EMOVO/neutral_emovo_04_F_neu-f1-n3.wav;f1;f;neutral;n3;
emovo;ita;../StarGANv2-EmotionalVC/dataset/ita/EMOVO/neutral_emovo_04_F_neu-f1-n4.wav;f1;f;neutral;n4;
emovo;ita;../StarGANv2-EmotionalVC/dataset/ita/EMOVO/neutral_emovo_04_F_neu-f1-n5.wav;f1;f;neutral;n5;
emovo;ita;../StarGANv2-EmotionalVC/dataset/ita/EMOVO/neutral_emovo_05_F_neu-f2-b1.wav;f2;f;neutral;b1;
emovo;ita;../StarGANv2-EmotionalVC/dataset/ita/EMOVO/neutral_emovo_05_F_neu-f2-b2.wav;f2;f;neutral;b2;
emovo;ita;../StarGANv2-EmotionalVC/dataset/ita/EMOVO/neutral_emovo_05_F_neu-f2-b3.wav;f2;f;neutral;b3;
emovo;ita;../StarGANv2-EmotionalVC/dataset/ita/EMOVO/neutral_emovo_05_F_neu-f2-d1.wav;f2;f;neutral;d1;
emovo;ita;../StarGANv2-EmotionalVC/dataset/ita/EMOVO/neutral_emovo_05_F_neu-f2-d2.wav;f2;f;neutral;d2;
emovo;ita;../StarGANv2-EmotionalVC/dataset/ita/EMOVO/neutral_emovo_05_F_neu-f2-l1.wav;f2;f;neutral;l1;
emovo;ita;../StarGANv2-EmotionalVC/dataset/ita/EMOVO/neutral_emovo_05_F_neu-f2-l2.wav;f2;f;neutral;l2;
emovo;ita;../StarGANv2-EmotionalVC/dataset/ita/EMOVO/neutral_emovo_05_F_neu-f2-l3.wav;f2;f;neutral;l3;
emovo;ita;../StarGANv2-EmotionalVC/dataset/ita/EMOVO/neutral_emovo_05_F_neu-f2-l4.wav;f2;f;neutral;l4;
emovo;ita;../StarGANv2-EmotionalVC/dataset/ita/EMOVO/neutral_emovo_05_F_neu-f2-n1.wav;f2;f;neutral;n1;
emovo;ita;../StarGANv2-EmotionalVC/dataset/ita/EMOVO/neutral_emovo_05_F_neu-f2-n2.wav;f2;f;neutral;n2;
emovo;ita;../StarGANv2-EmotionalVC/dataset/ita/EMOVO/neutral_emovo_05_F_neu-f2-n3.wav;f2;f;neutral;n3;
emovo;ita;../StarGANv2-EmotionalVC/dataset/ita/EMOVO/neutral_emovo_05_F_neu-f2-n4.wav;f2;f;neutral;n4;
emovo;ita;../StarGANv2-EmotionalVC/dataset/ita/EMOVO/neutral_emovo_05_F_neu-f2-n5.wav;f2;f;neutral;n5;
emovo;ita;../StarGANv2-EmotionalVC/dataset/ita/EMOVO/neutral_emovo_06_F_neu-f3-b1.wav;f3;f;neutral;b1;
emovo;ita;../StarGANv2-EmotionalVC/dataset/ita/EMOVO/neutral_emovo_06_F_neu-f3-b2.wav;f3;f;neutral;b2;
emovo;ita;../StarGANv2-EmotionalVC/dataset/ita/EMOVO/neutral_emovo_06_F_neu-f3-b3.wav;f3;f;neutral;b3;
emovo;ita;../StarGANv2-EmotionalVC/dataset/ita/EMOVO/neutral_emovo_06_F_neu-f3-d1.wav;f3;f;neutral;d1;
emovo;ita;../StarGANv2-EmotionalVC/dataset/ita/EMOVO/neutral_emovo_06_F_neu-f3-d2.wav;f3;f;neutral;d2;
emovo;ita;../StarGANv2-EmotionalVC/dataset/ita/EMOVO/neutral_emovo_06_F_neu-f3-l1.wav;f3;f;neutral;l1;
emovo;ita;../StarGANv2-EmotionalVC/dataset/ita/EMOVO/neutral_emovo_06_F_neu-f3-l2.wav;f3;f;neutral;l2;
emovo;ita;../StarGANv2-EmotionalVC/dataset/ita/EMOVO/neutral_emovo_06_F_neu-f3-l3.wav;f3;f;neutral;l3;
emovo;ita;../StarGANv2-EmotionalVC/dataset/ita/EMOVO/neutral_emovo_06_F_neu-f3-l4.wav;f3;f;neutral;l4;
emovo;ita;../StarGANv2-EmotionalVC/dataset/ita/EMOVO/neutral_emovo_06_F_neu-f3-n1.wav;f3;f;neutral;n1;
emovo;ita;../StarGANv2-EmotionalVC/dataset/ita/EMOVO/neutral_emovo_06_F_neu-f3-n2.wav;f3;f;neutral;n2;
emovo;ita;../StarGANv2-EmotionalVC/dataset/ita/EMOVO/neutral_emovo_06_F_neu-f3-n3.wav;f3;f;neutral;n3;
emovo;ita;../StarGANv2-EmotionalVC/dataset/ita/EMOVO/neutral_emovo_06_F_neu-f3-n4.wav;f3;f;neutral;n4;
emovo;ita;../StarGANv2-EmotionalVC/dataset/ita/EMOVO/neutral_emovo_06_F_neu-f3-n5.wav;f3;f;neutral;n5;
emovo;ita;../StarGANv2-EmotionalVC/dataset/ita/EMOVO/sad_emovo_01_M_tri-m1-b1.wav;m1;m;sad;b1;
emovo;ita;../StarGANv2-EmotionalVC/dataset/ita/EMOVO/sad_emovo_01_M_tri-m1-b2.wav;m1;m;sad;b2;
emovo;ita;../StarGANv2-EmotionalVC/dataset/ita/EMOVO/sad_emovo_01_M_tri-m1-b3.wav;m1;m;sad;b3;
emovo;ita;../StarGANv2-EmotionalVC/dataset/ita/EMOVO/sad_emovo_01_M_tri-m1-d1.wav;m1;m;sad;d1;
emovo;ita;../StarGANv2-EmotionalVC/dataset/ita/EMOVO/sad_emovo_01_M_tri-m1-d2.wav;m1;m;sad;d2;
emovo;ita;../StarGANv2-EmotionalVC/dataset/ita/EMOVO/sad_emovo_01_M_tri-m1-l1.wav;m1;m;sad;l1;
emovo;ita;../StarGANv2-EmotionalVC/dataset/ita/EMOVO/sad_emovo_01_M_tri-m1-l2.wav;m1;m;sad;l2;
emovo;ita;../StarGANv2-EmotionalVC/dataset/ita/EMOVO/sad_emovo_01_M_tri-m1-l3.wav;m1;m;sad;l3;
emovo;ita;../StarGANv2-EmotionalVC/dataset/ita/EMOVO/sad_emovo_01_M_tri-m1-l4.wav;m1;m;sad;l4;
emovo;ita;../StarGANv2-EmotionalVC/dataset/ita/EMOVO/sad_emovo_01_M_tri-m1-n1.wav;m1;m;sad;n1;
emovo;ita;../StarGANv2-EmotionalVC/dataset/ita/EMOVO/sad_emovo_01_M_tri-m1-n2.wav;m1;m;sad;n2;
emovo;ita;../StarGANv2-EmotionalVC/dataset/ita/EMOVO/sad_emovo_01_M_tri-m1-n3.wav;m1;m;sad;n3;
emovo;ita;../StarGANv2-EmotionalVC/dataset/ita/EMOVO/sad_emovo_01_M_tri-m1-n4.wav;m1;m;sad;n4;
emovo;ita;../StarGANv2-EmotionalVC/dataset/ita/EMOVO/sad_emovo_01_M_tri-m1-n5.wav;m1;m;sad;n5;
emovo;ita;../StarGANv2-EmotionalVC/dataset/ita/EMOVO/sad_emovo_02_M_tri-m2-b1.wav;m2;m;sad;b1;
emovo;ita;../StarGANv2-EmotionalVC/dataset/ita/EMOVO/sad_emovo_02_M_tri-m2-b2.wav;m2;m;sad;b2;
emovo;ita;../StarGANv2-EmotionalVC/dataset/ita/EMOVO/sad_emovo_02_M_tri-m2-b3.wav;m2;m;sad;b3;
emovo;ita;../StarGANv2-EmotionalVC/dataset/ita/EMOVO/sad_emovo_02_M_tri-m2-d1.wav;m2;m;sad;d1;
emovo;ita;../StarGANv2-EmotionalVC/dataset/ita/EMOVO/sad_emovo_02_M_tri-m2-d2.wav;m2;m;sad;d2;
emovo;ita;../StarGANv2-EmotionalVC/dataset/ita/EMOVO/sad_emovo_02_M_tri-m2-l1.wav;m2;m;sad;l1;
emovo;ita;../StarGANv2-EmotionalVC/dataset/ita/EMOVO/sad_emovo_02_M_tri-m2-l2.wav;m2;m;sad;l2;
emovo;ita;../StarGANv2-EmotionalVC/dataset/ita/EMOVO/sad_emovo_02_M_tri-m2-l3.wav;m2;m;sad;l3;
emovo;ita;../StarGANv2-EmotionalVC/dataset/ita/EMOVO/sad_emovo_02_M_tri-m2-l4.wav;m2;m;sad;l4;
emovo;ita;../StarGANv2-EmotionalVC/dataset/ita/EMOVO/sad_emovo_02_M_tri-m2-n1.wav;m2;m;sad;n1;
emovo;ita;../StarGANv2-EmotionalVC/dataset/ita/EMOVO/sad_emovo_02_M_tri-m2-n2.wav;m2;m;sad;n2;
emovo;ita;../StarGANv2-EmotionalVC/dataset/ita/EMOVO/sad_emovo_02_M_tri-m2-n3.wav;m2;m;sad;n3;
emovo;ita;../StarGANv2-EmotionalVC/dataset/ita/EMOVO/sad_emovo_02_M_tri-m2-n4.wav;m2;m;sad;n4;
emovo;ita;../StarGANv2-EmotionalVC/dataset/ita/EMOVO/sad_emovo_02_M_tri-m2-n5.wav;m2;m;sad;n5;
emovo;ita;../StarGANv2-EmotionalVC/dataset/ita/EMOVO/sad_emovo_03_M_tri-m3-b1.wav;m3;m;sad;b1;
emovo;ita;../StarGANv2-EmotionalVC/dataset/ita/EMOVO/sad_emovo_03_M_tri-m3-b2.wav;m3;m;sad;b2;
emovo;ita;../StarGANv2-EmotionalVC/dataset/ita/EMOVO/sad_emovo_03_M_tri-m3-b3.wav;m3;m;sad;b3;
emovo;ita;../StarGANv2-EmotionalVC/dataset/ita/EMOVO/sad_emovo_03_M_tri-m3-d1.wav;m3;m;sad;d1;
emovo;ita;../StarGANv2-EmotionalVC/dataset/ita/EMOVO/sad_emovo_03_M_tri-m3-d2.wav;m3;m;sad;d2;
emovo;ita;../StarGANv2-EmotionalVC/dataset/ita/EMOVO/sad_emovo_03_M_tri-m3-l1.wav;m3;m;sad;l1;
emovo;ita;../StarGANv2-EmotionalVC/dataset/ita/EMOVO/sad_emovo_03_M_tri-m3-l2.wav;m3;m;sad;l2;
emovo;ita;../StarGANv2-EmotionalVC/dataset/ita/EMOVO/sad_emovo_03_M_tri-m3-l3.wav;m3;m;sad;l3;
emovo;ita;../StarGANv2-EmotionalVC/dataset/ita/EMOVO/sad_emovo_03_M_tri-m3-l4.wav;m3;m;sad;l4;
emovo;ita;../StarGANv2-EmotionalVC/dataset/ita/EMOVO/sad_emovo_03_M_tri-m3-n1.wav;m3;m;sad;n1;
emovo;ita;../StarGANv2-EmotionalVC/dataset/ita/EMOVO/sad_emovo_03_M_tri-m3-n2.wav;m3;m;sad;n2;
emovo;ita;../StarGANv2-EmotionalVC/dataset/ita/EMOVO/sad_emovo_03_M_tri-m3-n3.wav;m3;m;sad;n3;
emovo;ita;../StarGANv2-EmotionalVC/dataset/ita/EMOVO/sad_emovo_03_M_tri-m3-n4.wav;m3;m;sad;n4;
emovo;ita;../StarGANv2-EmotionalVC/dataset/ita/EMOVO/sad_emovo_03_M_tri-m3-n5.wav;m3;m;sad;n5;
emovo;ita;../StarGANv2-EmotionalVC/dataset/ita/EMOVO/sad_emovo_04_F_tri-f1-b1.wav;f1;f;sad;b1;
emovo;ita;../StarGANv2-EmotionalVC/dataset/ita/EMOVO/sad_emovo_04_F_tri-f1-b2.wav;f1;f;sad;b2;
emovo;ita;../StarGANv2-EmotionalVC/dataset/ita/EMOVO/sad_emovo_04_F_tri-f1-b3.wav;f1;f;sad;b3;
emovo;ita;../StarGANv2-EmotionalVC/dataset/ita/EMOVO/sad_emovo_04_F_tri-f1-d1.wav;f1;f;sad;d1;
emovo;ita;../StarGANv2-EmotionalVC/dataset/ita/EMOVO/sad_emovo_04_F_tri-f1-d2.wav;f1;f;sad;d2;
emovo;ita;../StarGANv2-EmotionalVC/dataset/ita/EMOVO/sad_emovo_04_F_tri-f1-l1.wav;f1;f;sad;l1;
emovo;ita;../StarGANv2-EmotionalVC/dataset/ita/EMOVO/sad_emovo_04_F_tri-f1-l2.wav;f1;f;sad;l2;
emovo;ita;../StarGANv2-EmotionalVC/dataset/ita/EMOVO/sad_emovo_04_F_tri-f1-l3.wav;f1;f;sad;l3;
emovo;ita;../StarGANv2-EmotionalVC/dataset/ita/EMOVO/sad_emovo_04_F_tri-f1-l4.wav;f1;f;sad;l4;
emovo;ita;../StarGANv2-EmotionalVC/dataset/ita/EMOVO/sad_emovo_04_F_tri-f1-n1.wav;f1;f;sad;n1;
emovo;ita;../StarGANv2-EmotionalVC/dataset/ita/EMOVO/sad_emovo_04_F_tri-f1-n2.wav;f1;f;sad;n2;
emovo;ita;../StarGANv2-EmotionalVC/dataset/ita/EMOVO/sad_emovo_04_F_tri-f1-n3.wav;f1;f;sad;n3;
emovo;ita;../StarGANv2-EmotionalVC/dataset/ita/EMOVO/sad_emovo_04_F_tri-f1-n4.wav;f1;f;sad;n4;
emovo;ita;../StarGANv2-EmotionalVC/dataset/ita/EMOVO/sad_emovo_04_F_tri-f1-n5.wav;f1;f;sad;n5;
emovo;ita;../StarGANv2-EmotionalVC/dataset/ita/EMOVO/sad_emovo_05_F_tri-f2-b1.wav;f2;f;sad;b1;
emovo;ita;../StarGANv2-EmotionalVC/dataset/ita/EMOVO/sad_emovo_05_F_tri-f2-b2.wav;f2;f;sad;b2;
emovo;ita;../StarGANv2-EmotionalVC/dataset/ita/EMOVO/sad_emovo_05_F_tri-f2-b3.wav;f2;f;sad;b3;
emovo;ita;../StarGANv2-EmotionalVC/dataset/ita/EMOVO/sad_emovo_05_F_tri-f2-d1.wav;f2;f;sad;d1;
emovo;ita;../StarGANv2-EmotionalVC/dataset/ita/EMOVO/sad_emovo_05_F_tri-f2-d2.wav;f2;f;sad;d2;
emovo;ita;../StarGANv2-EmotionalVC/dataset/ita/EMOVO/sad_emovo_05_F_tri-f2-l1.wav;f2;f;sad;l1;
emovo;ita;../StarGANv2-EmotionalVC/dataset/ita/EMOVO/sad_emovo_05_F_tri-f2-l2.wav;f2;f;sad;l2;
emovo;ita;../StarGANv2-EmotionalVC/dataset/ita/EMOVO/sad_emovo_05_F_tri-f2-l3.wav;f2;f;sad;l3;
emovo;ita;../StarGANv2-EmotionalVC/dataset/ita/EMOVO/sad_emovo_05_F_tri-f2-l4.wav;f2;f;sad;l4;
emovo;ita;../StarGANv2-EmotionalVC/dataset/ita/EMOVO/sad_emovo_05_F_tri-f2-n1.wav;f2;f;sad;n1;
emovo;ita;../StarGANv2-EmotionalVC/dataset/ita/EMOVO/sad_emovo_05_F_tri-f2-n2.wav;f2;f;sad;n2;
emovo;ita;../StarGANv2-EmotionalVC/dataset/ita/EMOVO/sad_emovo_05_F_tri-f2-n3.wav;f2;f;sad;n3;
emovo;ita;../StarGANv2-EmotionalVC/dataset/ita/EMOVO/sad_emovo_05_F_tri-f2-n4.wav;f2;f;sad;n4;
emovo;ita;../StarGANv2-EmotionalVC/dataset/ita/EMOVO/sad_emovo_05_F_tri-f2-n5.wav;f2;f;sad;n5;
emovo;ita;../StarGANv2-EmotionalVC/dataset/ita/EMOVO/sad_emovo_06_F_tri-f3-b1.wav;f3;f;sad;b1;
emovo;ita;../StarGANv2-EmotionalVC/dataset/ita/EMOVO/sad_emovo_06_F_tri-f3-b2.wav;f3;f;sad;b2;
emovo;ita;../StarGANv2-EmotionalVC/dataset/ita/EMOVO/sad_emovo_06_F_tri-f3-b3.wav;f3;f;sad;b3;
emovo;ita;../StarGANv2-EmotionalVC/dataset/ita/EMOVO/sad_emovo_06_F_tri-f3-d1.wav;f3;f;sad;d1;
emovo;ita;../StarGANv2-EmotionalVC/dataset/ita/EMOVO/sad_emovo_06_F_tri-f3-d2.wav;f3;f;sad;d2;
emovo;ita;../StarGANv2-EmotionalVC/dataset/ita/EMOVO/sad_emovo_06_F_tri-f3-l1.wav;f3;f;sad;l1;
emovo;ita;../StarGANv2-EmotionalVC/dataset/ita/EMOVO/sad_emovo_06_F_tri-f3-l2.wav;f3;f;sad;l2;
emovo;ita;../StarGANv2-EmotionalVC/dataset/ita/EMOVO/sad_emovo_06_F_tri-f3-l3.wav;f3;f;sad;l3;
emovo;ita;../StarGANv2-EmotionalVC/dataset/ita/EMOVO/sad_emovo_06_F_tri-f3-l4.wav;f3;f;sad;l4;
emovo;ita;../StarGANv2-EmotionalVC/dataset/ita/EMOVO/sad_emovo_06_F_tri-f3-n1.wav;f3;f;sad;n1;
emovo;ita;../StarGANv2-EmotionalVC/dataset/ita/EMOVO/sad_emovo_06_F_tri-f3-n2.wav;f3;f;sad;n2;
emovo;ita;../StarGANv2-EmotionalVC/dataset/ita/EMOVO/sad_emovo_06_F_tri-f3-n3.wav;f3;f;sad;n3;
emovo;ita;../StarGANv2-EmotionalVC/dataset/ita/EMOVO/sad_emovo_06_F_tri-f3-n4.wav;f3;f;sad;n4;
emovo;ita;../StarGANv2-EmotionalVC/dataset/ita/EMOVO/sad_emovo_06_F_tri-f3-n5.wav;f3;f;sad;n5;
